fname, lname, uid, phone, address
Giovanna, Chirco, 1, 399-833-6993, 756-9583 Purus St.
Alex, Mathews, 2, 817-335-1405, 9192 Lobortis St.
Kathleen, Cunningham, 3, 294-998-0411, 834-2774 Erat. St.
Shannon, Reynolds, 4, 725-715-0976, Ap #657-3707 Gravida Street
Matt, Reynolds, 5, 302-299-1298, 6247 Id Av.
Kathleen, Smolak, 6, 647-377-6310, 6232 Pharetra. Rd.
Alex, Cunningham, 7, 921-073-0966, 7185 Feugiat Ave
Alex, Cunningham, 8, 975-975-5881, 192-6251 Non St.
Giovanna, Haigney, 9, 818-624-2052, P.O. Box 477 8857 Egestas Rd.
Matt, Chirco, 10, 123-964-5502, P.O. Box 688 4471 Faucibus Ave
Kelsey, Reynolds, 11, 747-245-0843, 3333 Blandit Street
Sam, Haigney, 12, 558-020-0760, P.O. Box 766 629 Ac St.
Giovanna, Chirco, 13, 513-042-3645, 836-5158 Nec, St.
Kelsey, Haigney, 14, 274-246-8614, Ap #569-6936 Nullam Av.
Kelsey, Chirco, 15, 711-425-5206, 104-5097 Proin St.
Giovanna, Reynolds, 16, 316-503-3741, 771-9442 A Ave
Matt, Haigney, 17, 503-384-5313, P.O. Box 881 1976 Sed Rd.
Sam, Smolak, 18, 249-644-0672, P.O. Box 919 134 Vel Street
Kathleen, Mathews, 19, 147-998-8284, 6371 In Road
James, Smolak, 20, 410-118-4774, Ap #845-7667 Massa Ave
Shannon, Haigney, 21, 676-250-8572, 9939 Mauris Street
Giovanna, Chirco, 22, 574-565-0925, 509-4359 Felis Av.
Matt, Haigney, 23, 247-985-0816, 8384 Nascetur Av.
Alex, Haigney, 24, 210-217-1581, 3536 Ligula Avenue
Sam, Reynolds, 25, 180-288-8761, 3518 Netus St.
Sam, Chirco, 26, 160-289-4114, 130-531 Aliquet Rd.
Kelsey, Mathews, 27, 665-534-4509, Ap #865-3380 Fringilla Rd.
Matt, Haigney, 28, 060-413-6585, Ap #527-3054 Sed Ave
James, Smolak, 29, 942-952-7974, Ap #536-4588 Dui Av.
Sam, Cunningham, 30, 464-125-1118, P.O. Box 148 269 Libero Rd.
Matt, Mathews, 31, 632-732-4346, Ap #275-2272 Mauris Road
James, Cunningham, 32, 276-775-9528, 438-9185 At Ave
James, Mathews, 33, 924-284-7046, Ap #225-6537 Sodales Road
Kelsey, Reynolds, 34, 090-393-7811, 4351 Massa Avenue
James, Reynolds, 35, 518-524-8492, P.O. Box 901 2046 Velit. Av.
Matt, Chirco, 36, 663-344-5960, 942-8918 Dolor. Avenue
Shannon, Reynolds, 37, 568-963-2414, 905-8901 Phasellus Street
Kathleen, Chirco, 38, 487-941-5817, 3518 Dolor Street
Kathleen, Reynolds, 39, 371-196-1771, P.O. Box 362 7183 Integer St.
Shannon, Chirco, 40, 896-741-7769, 152-246 In Rd.
Kathleen, Smolak, 41, 297-151-1135, P.O. Box 760 9420 Cras Ave
Giovanna, Reynolds, 42, 100-517-3122, P.O. Box 210 3761 Fusce St.
Shannon, Mathews, 43, 191-721-1183, 3245 Tincidunt Road
Kelsey, Chirco, 44, 918-550-5448, 8593 Vulputate Avenue
Alex, Cunningham, 45, 958-871-2965, P.O. Box 946 288 Vestibulum Av.
Alex, Smolak, 46, 666-619-3118, Ap #761-4968 Dictum Rd.
Sam, Mathews, 47, 624-884-0540, 4426 Magna. Street
James, Smolak, 48, 773-576-7499, P.O. Box 536 1469 Ut Avenue
Shannon, Reynolds, 49, 028-431-6934, P.O. Box 117 1045 Curabitur Ave
Matt, Chirco, 50, 948-989-5252, 4587 Maecenas Street
James, Mathews, 51, 664-775-5009, P.O. Box 459 2941 Ac Rd.
Kelsey, Smolak, 52, 002-251-5350, P.O. Box 589 517 Purus. Av.
Shannon, Chirco, 53, 490-578-7655, 8445 Ante. St.
Sam, Smolak, 54, 869-325-8412, Ap #651-4401 Augue St.
Shannon, Reynolds, 55, 148-006-6456, 6941 Vestibulum Av.
Alex, Reynolds, 56, 296-722-7216, Ap #368-8043 Urna. Street
James, Haigney, 57, 817-262-0781, 942-6184 Auctor. Av.
Shannon, Chirco, 58, 484-252-8082, 6708 Purus. Avenue
James, Haigney, 59, 291-753-6056, 3871 Arcu Ave
Sam, Chirco, 60, 647-797-3643, P.O. Box 234 7093 Pede Ave
Sam, Cunningham, 61, 198-773-2184, P.O. Box 703 6255 Pede. Av.
Kathleen, Mathews, 62, 822-295-7641, Ap #709-9265 Vehicula St.
Sam, Smolak, 63, 022-231-2382, P.O. Box 982, 2460 Sed Rd.
James, Smolak, 64, 187-880-5644, 153-5212 Duis Road
Kathleen, Smolak, 65, 478-748-8652, 815-8181 Fusce Road
Matt, Mathews, 66, 831-688-5532, P.O. Box 788 8863 Donec Rd.
Shannon, Smolak, 67, 547-574-1994, 1596 Amet Street
Alex, Reynolds, 68, 798-077-4019, 8901 Varius. Rd.
Kelsey, Reynolds, 69, 406-091-7942, 352-2003 Mattis Av.
Alex, Cunningham, 70, 967-737-7346, 173-1989 Vestibulum. Av.
James, Reynolds, 71, 272-891-9273, 8127 Ultrices Av.
Kelsey, Haigney, 72, 665-189-1889, 411-8650 Lacus. Av.
Shannon, Haigney, 73, 614-232-5727, Ap #401-3283 Facilisis Ave
Alex, Cunningham, 74, 197-903-8657, Ap #467-3008 Aliquet. Rd.
Sam, Cunningham, 75, 883-723-8525, P.O. Box 790 3731 Cum Rd.
James, Haigney, 76, 572-770-4530, P.O. Box 211 8886 Feugiat Rd.
Giovanna, Smolak, 77, 212-641-3611, 119-2787 Orci Avenue
Sam, Cunningham, 78, 849-740-6544, 3947 Erat Avenue
Kelsey, Mathews, 79, 088-232-4824, Ap #288-6313 Malesuada St.
Alex, Cunningham, 80, 529-877-1190, 6269 Aliquam Street
Kelsey, Mathews, 81, 336-432-2217, Ap #738-5397 Senectus Street
Matt, Smolak, 82, 159-437-3385, P.O. Box 705 6589 Aliquam Rd.
Giovanna, Cunningham, 83, 578-396-9932, P.O. Box 137 5683 Nisi Avenue
Kathleen, Chirco, 84, 604-668-9912, 7848 Lorem Rd.
Shannon, Cunningham, 85, 063-251-5709, 3529 Eu Street
Kelsey, Chirco, 86, 124-538-2378, 9135 Mattis St.
Giovanna, Smolak, 87, 057-110-4292, 952-4737 Adipiscing Rd.
Sam, Reynolds, 88, 516-495-8877, Ap #448-9791 Tellus Av.
Giovanna, Chirco, 89, 363-202-3643, Ap #947-9457 A Ave
Shannon, Mathews, 90, 067-228-1960, Ap #640-4204 Volutpat. Av.
Kathleen, Cunningham, 91, 954-197-2225, 3072 Egestas Av.
Shannon, Mathews, 92, 897-680-6778, 5223 Ornare St.
James, Mathews, 93, 574-303-9857, P.O. Box 702 4845 Enim Street
Shannon, Chirco, 94, 996-960-2699, P.O. Box 424 7099 Vitae, Ave
Sam, Chirco, 95, 070-104-3986, 844-8743 Molestie Road
Kelsey, Haigney, 96, 698-839-0783, P.O. Box 911 6611 Orci Ave
Kelsey, Haigney, 97, 729-019-5706, 534-1314 Cursus St.
Kathleen, Haigney, 98, 043-462-0574, 577-9628 Nullam Rd.
Sam, Cunningham, 99, 598-114-8358, P.O. Box 428 5496 Lectus Road
Giovanna, Smolak, 100, 908-458-4389, P.O. Box 911 1842 Malesuada Av.